title,content,date,press,url,sentiment,sentiment_score,sentiment_num
"삼성 디자인수장 ""AI, 인간 상상력 증폭 도구""","마우로 포르치니 삼성전자 CDO '伊 디자인의 날' 특강
기술 진가 발휘하려면
사용자의 공감 얻어야
현대 사회 좋은 디자인은
기술·사람 잇는 언어 돼야
삼성 '디자인 혁명 ' 30년
사람 중심 철학 고도화
""인공지능(AI)은 사람의 창의성을 대체하는 도구가 아니라 감성지능(EI)과 상상력(HI)을 증폭하는 도구로 거듭나야 합니다. 삼성전자 디자인의 목표는 기술을 통해 삶의 질을 풍요롭게 하는 것입니다.""
마우로 포르치니 삼성전자 최고디자인책임자(CDO·사장)는 23일 서울 중구 디자인하우스에서 열린 특별 강연에서 기술 중심 시대에 디자인의 역할에 대해 이같이 강조했다. 그는 '제10회 이탈리아 디자인의 날'을 맞아 'AI×(EI+HI): 기술이 인간이 되는 순간'을 주제로 마스터클래스를 맡았다. 2017년 시작한 '이탈리아 디자인의 날'은 이탈리아 외교협력부가 이탈리아 디자인 진흥을 위해 세계 각국에서 진행하는 행사다. 한국과 이탈리아 양국은 이 행사를 디자인 협력을 강화하기 위한 장으로 활용하고 있다.
포르치니 사장은 급격하게 발전하는 기술이 진가를 발휘하기 위해서는 사용자의 공감을 얻어야 한다고 강조했다. 기술이 아무리 발전해도 사용자가 느끼는 의미와 경험이 설계되지 않는다면 혁신은 완성될 수 없다는 설명이다. 또 디자인은 기술과 사람을 잇는 언어로서 역할을 해야 한다고 강조했다. AI가 인간을 대체하는 수단이 아닌 인간의 감성과 상상력을 증폭해야 한다는 취지의 'AI×(EI+HI)'라는 공식이 도출된 배경이다.
삼성전자는 이러한 가치에 따라 감정을 전달하고 자기 표현을 확장하는 '표현적 디자인'을 전사적으로 적용하고 있다. 자사 제품 디자인을 통해 사람 사이 연결을 이끌고 상상력을 자극하는 경험을 끌어내겠다는 전략이다.
포르치니 사장은 삼성전자 디자인 전반에 '형태와 기능은 의미를 따른다(Form and function follow meaning)'는 원칙을 관철하고 있다는 점도 강조했다. 이는 오랜 기간 디자인 업계를 지배해온 모더니즘의 격언 '형태는 기능을 따른다(Form Follows Function)'를 한 단계 발전시킨 정신으로 단순히 기능적으로 올바르고 미적으로 아름다운 형태를 만드는 것을 넘어 디자인이 사용자의 삶에 어떤 가치와 의미를 부여할 것인지에 대한 고민을 담고 있다.
포르치니 사장은 올해 '사람 중심 디자인 철학'을 한층 고도화하겠다는 방침이다. 삼성전자가 1996년 '디자인 혁명의 해'를 선언한 지 만 30년을 맞아 AI 시대에 디자인 의미를 재정의하겠다는 설명이다. 그는 평소에도 ""제품은 모방할 수 있지만 디자인 철학의 목적과 관점은 복제할 수 없다""며 ""디자인 철학을 중시하는 문화는 기업의 핵심 경쟁력과 직결돼 있다""고 강조해왔다.
세계적 디자인 전문가로 평가받는 포르치니 사장은 이탈리아 출신으로 밀라노공대에서 산업디자인 학·석사 학위를 받았다. 필립스에서 제품 디자이너로 경력을 시작한 후 3M과 펩시에서 CDO를 역임했다. 그는 지난해 외국인으로서는 처음 삼성전자 디자인 총괄에 임명됐다.",2026-03-23 17:31:09,매일경제,https://n.news.naver.com/mnews/article/009/0005654805,neutral,0.9999,0
“삼성으로는 부족해”…머스크 “반도체 직접 만들겠다” [자막뉴스],"일론 머스크가 인공지능(AI) 칩을 자체 생산하기 위한 초대형 공장 ‘테라팹(Terafab) 프로젝트’ 청사진을 공개했습니다.
삼성전자 등 기존 반도체 공급망만으로는 AI 칩 수요를 충족할 수 없다는 판단에 섭니다.
다만 실현까지는 적잖은 난관이 예상되는 만큼 국내 반도체 업계는 향후 파장을 예의주시하고 있습니다.",2026-03-23 17:24:50,채널A,https://n.news.naver.com/mnews/article/449/0000339155,neutral,0.9372,0
삼성 갤럭시도 '에어드롭' 가능…퀵쉐어-에어드롭 전격 호환,"삼성전자가 갤럭시 S26 시리즈를 시작으로 자사 근거리 무선 파일 전송 기능인 '퀵쉐어'와 애플의 '에어드롭' 간 상호 호환을 지원합니다.
이 기능, 오늘 우리나라를 시작으로 미국과 유럽 등 주요 시장으로 순차 확대할 예정입니다.
이번 업데이트를 통해 안드로이드와 iOS라는 서로 다른 OS 환경에서도 고용량 파일을 양방향으로 자유롭게 전송할 수 있게 됐습니다.
삼성전자 측은 ""갤럭시 사용자들이 타 OS 기기 사용자와도 원활하게 소통할 수 있도록 편의성을 극대화했다""고 설명했습니다.
또, ""이번 호환 기능을 기존 출시 모델까지 확대 적용하는 방안을 긍정적으로 검토 중""이라 밝혔습니다.",2026-03-23 17:24:01,JTBC,https://n.news.naver.com/mnews/article/437/0000484180,positive,0.9976,1
